id,category
1,cs.CV
2,cs.CL
3,cs.AI
4,cs.LG
5,stat.ML
6,math.OC
7,cs.IT
8,math.IT
9,quant-ph
10,cs.SI
11,cs.DC
12,cs.MA
13,cs.NE
14,cs.ET
15,nucl-th
16,nlin.AO
17,cs.CC
18,cond-mat.stat-mech
19,cs.DM
20,cs.DS
21,math.CO
22,cs.CY
23,cs.DL
24,physics.data-an
25,physics.soc-ph
26,cs.RO
27,cs.SY
28,eess.SP
29,math.LO
30,cs.LO
31,cs.GT
32,cs.HC
33,econ.EM
34,cs.NI
35,cs.CR
36,cs.DB
37,q-bio.NC
38,"94B05, 94B65"
39,cs.SD
40,eess.AS
41,cs.SE
42,math.DS
43,cs.SC
44,cond-mat.dis-nn
45,68R05
46,F.2.2
47,cs.IR
48,q-bio.QM
49,math.ST
50,stat.TH
51,math.NT
52,eess.IV
53,physics.med-ph
54,math-ph
55,math.MP
56,I.2.7
57,cs.MM
58,econ.GN
59,nlin.CD
60,q-fin.EC
61,hep-th
62,math.NA
63,cs.GR
64,"94A24, 94B25, 94B50"
65,q-bio.GN
66,"05A05, 68R05, 92B99, 92D20, 94B25"
67,stat.CO
68,"05B40, 52C15, 52C26, 11H31, 65D18, 68W30, 68U05"
69,cs.NA
70,cs.PF
71,stat.ME
72,physics.comp-ph
73,physics.geo-ph
74,cs.CE
75,cs.AR
76,stat.AP
77,cs.MS
78,physics.space-ph
79,q-fin.TR
80,cs.OS
81,"82C32, 91A15, 65M12"
82,"05C69, 05C20, 05C15"
83,cs.CG
84,math.PR
85,C.2.4
86,math.AT
87,"55N99, 68T10"
88,q-fin.RM
89,"68U05, 55U10, 05C20"
90,J.3
91,I.3.5
92,"68W30, 68T05, 03C10"
93,I.2.6
94,I.1.0
95,physics.ao-ph
96,"05C15, 68Q25, 68R10, 68U05"
97,I.m
98,"90C47, 90C26,"
99,94A60
100,94Axx
101,cs.FL
102,math.FA
103,"15A39, 15A69, 52A41, 65F35, 65K05"
104,I.2.10
105,I.3.7
106,I.4.8
107,"37B40, 03D78, 03D28"
108,cs.PL
109,"91A06, 91A40, 91A80, 91A90, 65K05"
110,05E45
111,I.4.5
112,I.4.10
113,91A05
114,physics.app-ph
115,math.GR
116,math.CT
117,03G99
118,"55-XX, 62-07"
119,49J21
120,"68T05, 68T50"
121,"60A66, 68Q85, 03B45, 03B52"
122,F.4.1
123,I.2.4
124,cond-mat.mes-hall
125,68R15
126,90C26
127,G.1.6
128,q-bio.MN
129,q-fin.GN
130,"C.1.3, I.2.6, I.5"
131,physics.chem-ph
132,H.5.5
133,I.2.9
134,cond-mat.soft
135,physics.flu-dyn
136,68T45
137,I.4.9
138,astro-ph.SR
139,astro-ph.IM
140,"68Q12, 81P68, 90C26"
141,68U99
142,H.5.2
143,I.3.8
144,J.5
145,"68W10, 65N38, 65F05"
146,"62B10, 92C55"
147,"47A55, 65F15"
148,"03D15, 03F52, 68N18"
149,"91B12, 91B14"
150,"94A60, 13P10, 13P15, 13C40, 13P25"
151,"94A60, 14G50, 11T71"
152,68T99
153,"15A, 52B, 52C, 68Q, 68R, 68W, 90B, 90C"
154,"68R10, 68Q17, 68Q25, 68W40"
155,"68T30, 68T20, 68T37, 68W27"
156,I.2.1
157,I.2.m
158,I.5.0
159,I.5.1
160,I.5.2
161,I.5.3
162,I.5.4
163,q-fin.PM
164,cs.OH
165,"68Q12, 81P68, 81P45"
166,"65F08, 65N30, 65N55, 65Y05, 65Y10, 65Y20"
167,D.1.3
168,G.1.8
169,G.4
170,05C15
171,"68N99, 65Y04, 65Y15, 65F50"
172,G.1.3
173,H.3.4
174,E.1
175,05C85
176,G.2.2
177,G.2.1
178,physics.ins-det
179,nucl-ex
180,"68W25, 68W40"
181,"62H30, 65K10, 90C27"
182,physics.bio-ph
183,"05C62, 05C75, 05C85"
184,"76F65, 76F10, 76F40, 76G25"
185,C.2
186,"57M15, 05C83, 68R10, 15A03"
187,I.4.4
188,F.1.3
189,I.2.11
190,"60Exx, 94Axx, 28A80"
191,"03B15, 18C50, 55U35"
192,F.3.2
193,62
194,physics.optics
195,I.3.3
196,I.3.6
197,"68Q30, 03D32, 68R10, 05C30, 05C78, 05C75, 05C60, 05C80, 05C82,
  94A15, 68Q01"
198,G.3
199,68T05
200,H.3.3
201,"Primary: 11T66, 94B27 - Secondary: 39A06, 37N35"
202,F.1.1
203,I.2
204,J.4
205,"20G05, 33C45, 33C55, 55R25"
206,q-bio.BM
207,"68Q32, 90C52"
208,60C05
209,"94C12, 05B30, 68R05"
210,math.SP
211,"60K25, 68M12"
212,"03B70, 03F03, 34C14, 34A38, 34C08, 58A10"
213,F.3.1
214,G.1.7
215,I.2.3
216,68T06
217,"05Cxx, 05C76, 46Jxx"
218,J.1
219,H.2.8
220,"05C85, 05C80"
221,math.MG
222,"05C85, 05C20, 68R05"
223,math.AG
224,math.AC
225,"14Qxx, 13Pxx, 13H15, 14C17, 14C20, 68W30, 65H10"
226,55N99
227,"91A80, 91B10, 91B12, 91B14"
228,"03B45, 68Q17"
229,C.4
230,D.2.5
231,"68U10 (Primary) 68T45, 68W40 (Secondary)"
232,I.4.6
233,I.7.5
234,"94A60, 94C10, 06B30"
235,68U20
236,94B15
237,05C80
238,H.3.7
239,H.3.6
240,H.3.5
241,"91A80, 97R99"
242,I.1.5
243,"94-A15, 94-A34"
244,"03D75, 68Q55"
245,"65Y05, 65F10, 65F15, 65Y05, 68W10"
246,"68T40, 74Pxx, 46N10, 65D19"
247,94B10
248,math.RT
249,math.AP
250,physics.class-ph
251,I.2.0
252,"13P25, 94B27"
253,H.2.3
254,"35J05, 42A38, 65F05, 65N22"
255,"62G05, 05C80, 62G10"
256,stat.OT
257,econ.TH
258,I.2.5
259,65D15
260,hep-ex
261,"74Q05, 74B20, 74S30"
262,"11H06, 11H55, 11R04"
263,68N30
264,"65F30, 65K05, 49M15, 49M30, 65F50"
265,"65D15, 65B05, 46N40, 65F99, 68W99"
266,"68T30 (Primary) 68T10, 68T05 (Secondary)"
267,q-fin.ST
268,"55N99, 46C05"
269,05B15
270,"05B35, 94B60, 15A03"
271,hep-ph
272,62H30
273,I.4
274,I.5
275,"68Q05, 68Q45, 68Q60, 68Q85, 03B70"
276,F.1
277,F.4
278,94A14
279,"90B50, 91A10"
280,cond-mat.mtrl-sci
281,I.2.8
282,"05C99, 62M45"
283,"60K35, 68M14"
284,q-fin.CP
285,68P30
286,"91A12, 68Q15"
287,F.2
288,"62H20, 94A15"
289,math.DG
290,"35Kxx, 65M60, 65M70, 65M15, 65K10"
291,"94A20, 94A08, 42C40, 35R30"
292,astro-ph.EP
293,"37M10 (Primary), 94A15 (Secondary)"
294,"62-02, 62-09, 62F07, 62F15, 62J12, 62J05, 62J99, 62M05, 05A16,
  60J22, 92D20, 90C27, 90C59"
295,G.1.2
296,I.6
297,I.6.4
298,62G08
299,H.5.1
300,"20M07, 20M35, 22A99"
301,68T10
302,"65Y05, 65Z05, 68U20, 68W10"
303,05C82
304,"42C40, 42C15, 41A25, 41A35, 65T60"
305,"94A12, 94B35"
306,K.4
307,K.4.1
308,K.5
309,K.5.2
310,K.3.2
311,K.7.4
312,"68Q32, 68T01"
313,astro-ph.GA
314,91D30
315,68T40
316,"49J20, 76D55, 68T05"
317,"76M27 (primary), 76M55 (secondary)"
318,90C26 (Primary) 90C30 (Secondary)
319,"05E15, 94B05"
320,"65F99, 15A69"
321,65Cxx
322,G.1.4
323,"65N12, 65N15, 65N30, 76D07, 76S99"
324,cs.GL
325,H.3.1
326,68Uxx
327,"03B70, 34A38"
328,"93C10, 93D05, 93D20"
329,51E10
330,"49, 60, 65C30, 65C60"
331,"91D30, 05C80"
332,"03F03, 03B70, 34A38, 91A25"
333,q-bio.TO
334,math.GN
335,F.4.3
336,03G30
337,91A35
338,math.CA
339,"68Q25, 68Q17"
340,F.2.0
341,05C69 (Primary) 05C70 (Secondary)
342,"18E10, 18A35, 55N35, 68U05"
343,"68R10, 62M15, 60B20, 15A29, 15A18"
344,"90C26, 26B25, 90C30, 49M27, 47J25, 52A41, 65K05, 65F22"
345,"05C20, 05C63, 11A41"
346,"62F35, 62F40, 90C90"
347,"54E35, 03F60, 03F55"
348,"60C05, 68W20, 60J10, 68Q87"
349,math.RA
350,"08A30, 03D35"
351,"68T15, 03B35"
352,"03D15, 05C05, 68R05"
353,D.4.8
354,C.1.2
355,"68Q05, 18B25"
356,"90C27 (Primary), 68W20, 68W25 (Secondary)"
357,"Primary 68R05, Secondary 06A07, 05A15, 05A18"
358,E.4
359,"65L05, 65M06"
360,"90C20, 60D05"
361,q-bio.PE
362,68T01
363,"53B21, 46C05, 46C07, 68T40, 68T45, 93C85"
364,math.HO
365,62-07 62-09
366,C.2.3
367,93
368,62M45
369,42C15
370,68M14
371,"05C90, 92D15, 68R10"
372,"90C05, 90C22, 90C25, 90C27, 68W25, 52A20, 32C37"
373,F.2.1
374,G.1.0
375,91C
376,91A80
377,68Q45
378,"47H30, 93B30, 65R20, 65R32"
379,B.4.1
380,H.4.3
381,K.8.1
382,62G20
383,nlin.CG
384,"37M05, 37M10, 62M45, 68Q32, 68T05"
385,"05C15, 05C20, 05C38, 05C75, 05C83"
386,D.3
387,K.3
388,D.3.4
389,"62h30, 68T05, 05C80"
390,68Wxx
391,"92B, 68T10, 92B99, 65D18, 94A17, 55N99, 5504"
392,"05C75, 05C85, 68R10"
393,"97N70, 06A07 (Primary) 97N80, 06A05(Secondary)"
394,68U10
395,05C69
396,"05C15, 05C45"
397,"11C20, 15A15, 65F40, 15B99"
398,"65C05, 68W20, 65C50, 62P30"
399,"65L05, 65L20, 65L80, 65M12, 78M10"
400,J.6
401,"68T10 (Primary) 68T45, 68U10 (Secondary)"
402,I.4.7
403,"68Q32, 62M10, 62G08"
404,"94B15, 94B05, 94B60"
405,68T20
406,76P05
407,"D.3.2, D.3.3"
408,H.4.0
409,H.2.7
410,"05A05, 68R15, 05E10"
411,"93A99, 70Q99, 70E99"
412,"34K28, 65R20, 65R32"
413,"46E22, 94A15, 62Gxx, 47B32"
414,H.1.1
415,62B10 (Primary) 94A17 (Secondary)
416,03B44
417,"65F10, 65N12, 65G50, 65Y05, 65N22"
418,I.5.5
419,J.2
420,"68R15, 11A55"
421,"05C15 (primary), 05C10, 05C72, 05C83 (secondary)"
422,"03C98, 03D15, 08A70"
423,F.3.3
424,D.3.3
425,81P68
426,B.2
427,"65F10, 65Y05"
428,"58J65, 60J65, 93B52, 93E02, 93E15, 93E30"
429,"03E20 (Primary) 68T37, 06B23 (Secondary)"
430,03B15
431,"68T10 (Primary) 68T20, 86-08, 86-04, 76T99 (Secondary)"
432,I.6.3
433,05C35
434,"14H52, 11T71 (Primary) 14G50, 94A60 (Secondary)"
435,91A10
436,"15A15, 15A18, 15B52, 60H99, 65F15, 65F35"
437,"05C50, 62-07, 57R22, 58A14"
438,"94A12, 20C40, 22E70, 68P20"
439,"65K05, 90C26, 90C30, 82C31, 65C30"
440,K.4.4
441,"94A60, 11T71, 11R18"
442,H.5
443,D.2.4
444,20H25
445,93C65
446,68
447,gr-qc
448,B.1.1
449,B.1.2
450,B.2.2
451,B.5.1
452,S2H25
453,"97N80, 15A18, 65F15, 65Y05, 68W10, 68W15"
454,"92B99, 05A15, 05A16"
455,"03B70, 68Q55, 18C50, 03F52, 03B47, 03B15,"
456,q-fin.MF
457,"05Cxx, 05Exx, 68Rxx, 55U10, 57Mxx"
458,D.2.8
459,K.6.3
460,"60K30, 60K99, 90B50, 91A35, 91A55, 91A80"
461,"05A05, 68R15"
462,G.1.1
463,"68T27 (Primary) 68T30, 03B70 (Secondary)"
464,B.4.4
465,B.5.2
466,B.6.3
467,B.8.1
468,K.6.5
469,"03E99, 03G25"
470,"13A50, 94A60, 68P25, 11T71, 14G50"
471,E.3
472,I.1
473,K.2
474,cond-mat.str-el
475,68N19
476,90
477,I.1.2
478,68Txx
479,math.OA
480,"46L05, 47A63, 81P15"
481,physics.plasm-ph
482,"90B06, 90B20"
483,G.2.3
484,55U25
485,"20-04, 20G15, 20H25, 68W30"
486,"2010: Primary 91A12, Secondary 60E05, 60E10"
487,hep-lat
488,K.3.0
489,37B50
490,math.GT
491,"05A16, 57Q99"
492,"90B22 (Primary), 60K25, 90B15 (Secondary)"
493,"78M16, 82C80, 82D37, 65Y05, 65Y20"
494,D.2.11
495,"34A34, 35A24, 37C60, 37N25, 37N40, 70G60, 91B74, 92B20, 92C42,
  92D30, 92D40, 93C15, 94A15"
496,J.7
497,"31B10, 45A05, 35K20, 35R09, 65N35, 65R20"
498,K.4.0
499,"65M06, 65M12"
500,"Primary 55M20, Secondary 54H25, 05E45, 91B32"
501,03B47
502,46N10
503,"Primary 05A19, 39A70, Secondary 05A15"
504,"Primary 05A15, 20M14, 20M99, Secondary 39B72"
505,"62M45, 68T05, 68W25, 68T20, 90C40, 91A22, 92D15, 92D25"
506,K.1.1
507,physics.ed-ph
508,93Axx
509,94A62 81P70 94B65
510,"90B15, 91B74, 93A30"
511,05D99
512,20B27
513,"Primary: 90C51, 90C30, secondary: 90C25, 90C26"
514,"03F50, 03B15"
515,q-fin.PR
516,"94A20, 94A12, 93E10"
517,"15B33, 15B36, 65F30"
518,94A12
519,"35R30, 62F15, 65C60, 65D30, 65N30, 68T05"
520,F.1.2
521,C.2.1
522,D.4.6
523,65D18 68W25 68U05
524,q-bio.CB
525,"76T10, 65M08"
526,cond-mat.other
527,"65D18, 65D30, 68U05, 65N38"
528,D.3.1
529,"03B15 (Primary), 03B15, 68T30 (Secondary)"
530,"68Q25, 20D30, 15A69"
531,"05Cxx, 05Exx, 68Rxx, 54F45, 55U10"
532,93D99
533,"90C27, 05C99, 13P10, 68W30, 90C22"
534,"94A6, 94A62"
535,H.5.m
536,"05C38, 05C85, 68R10"
537,"37M10, 37M05, 37N99"
538,G.1.m
539,14J60
540,"Primary 55R99, 55N99, 68W05, Secondary 55U99"
541,"41A25, 41A30, 41A46, 68T99, 82C32, 92B20,"
542,"34A09, 93C, 93B20, 93B40, 93C05, 93D20"
543,91G10
544,65M50
545,nlin.PS
546,03B70
547,"03D10, 68Q05, 81P68, 68T20"
548,94A24
549,B.6
550,B.6.1
551,65D19
552,"05C12, 54A10"
553,"05D15, 52B05"
554,68R01
555,"90C06, 68W40, 68W10"
556,"93-04, 93B40, 93B50, 93B55, 93C05, 93C15, 93C35, 93C55"
557,60G55
558,91A22
559,"60B99 (primary), 60G99, 82B20, 94A17"
560,"93A15, 93B11, 93B20"
561,"03D15, 68Q17, 68Q10"
562,"68Q05, 37C40"
563,68T
564,68N01
565,Computer Science
566,A.1
567,"91A05, 91A06, 91A10, 91A30, 91B16"
568,"03D05, 20F65, 20F70, 68Q25, 68Q45"
569,"03F60, 03D30"
570,"49M20, 90C08, 90C46"
571,"01A90, 91D30, 90B10, 16Y60, 65F30"
572,"60J10, 60J20, 60K15, 68Q55, 68Q60, 68Q85"
573,H.2.4
574,"03Axx, 03B15, 03B45, 03B60, 03B80, 68T15, 68T27, 68T30"
575,F.4.0
576,I.1.3
577,"52C15, 52A38"
578,"68R10, 5C85"
579,"74S30, 53Z05"
580,"06E30, 94C10"
581,"94A20, 42C40, 42C10, 15B52"
582,G.2
583,"91A80, 91B10, 91B12, 91B14, 68Q25"
584,"90C39, 90C40, 37A50"
585,68Q17
586,62F15 (Primary) 62F12 (Secondary)
587,"90C27, 05C21"
588,"68R10, 05C69, 05C70, 05C85"
589,"68Q30, 03D32"
590,"90C60 (Primary), 90C30 (Secondary)"
591,"05C82, 91D30, 05C81, 94C15, 15A18"
592,"68T10, 68T05, 68T45"
593,"94A15, 53C35"
594,"Primary 91A24, secondary 91A05, 91A15, 91A25"
595,astro-ph.CO
596,"16B50, 60J27, 68Q42 (Primary) 60J28, 16B50, 05E99 (Secondary)"
597,F.4.2
598,"11Y16 (primary), 68W30 (secondary)"
599,H.5.3
600,I.3.0
601,K.4.3
602,K.8.0
603,"92C50, 62P10, 05C70"
604,"Primary 03D65, Secondary 03C57, 03D30, 03E15"
605,"93E20, 93C10, 93C35"
606,"05C85 (Primary), 62F07, 68W40, 05C05, 05C20, 05C30, 92D15"
607,"Primary: 05D10, Secondary: 03C15, 03E02, 22F50"
608,"93D05, 65L20"
609,"94B27, 14G15, 14H05"
610,65-06
611,D.3.2
612,E.2
613,H.2.1
614,H.2.2
615,"05C70, 05C82, 93C55"
616,"58C40, 35S10, 35S11, 65M70"
617,F.0
618,91A70
619,"15A03, 15B52, 94B60"
620,"65K10 (Primary), 15A80, 90B85, 90C47, 90C48 (Secondary)"
621,"90C57 (Primary) 90C35, 90C10, 90C27, 05C (Secondary)"
622,68Q87 (Primary) 68W40 (Secondary)
623,math.QA
624,"05C80, 60C05, 90B15"
625,D.2.10
626,"18C10, 18C15, 18C20, 03B70, 03B45"
627,K.3.m
628,97R40
629,"35D40, 49L25"
630,"93E15, 93C10, 37A35"
631,"68P30, 05C90"
632,"91A80, 91B14"
633,"62P20, 91G70"
634,"68Q45 (primary), 20F10 (secondary)"
635,"68T45, 62H30"
636,math.CV
637,"05C62, 91D30"
638,"68W40, 68W27"
639,92C55
640,"06D22, 03F65"
641,H.2
642,D.2
643,"03-04, 03E35, 03E40"
644,62P99
645,I.4.1
646,90C27
647,"65L05, 65L06"
648,"74Exx, 74Fxx, 97Rxx"
649,97R40 97R40
650,"32G20, 14C30, 14D07, 14K20, 68W30"
651,"94A08, 15A83"
652,65K10
653,"68M20, 90B22"
654,"65D17, 65D18, 65D25, 65L05"
655,"68Q30, 03D32, 68R10, 05C30, 05C78, 05C75, 05C60, 05C80, 05C82,
  94A15, 68Q01, 03D10, 03D32, 03D35, 03D80"
656,"92-08, 62-07, 62P10"
657,"65K10, 90C06"
658,"94B27, 81Q99"
659,68T30
660,"15A83, 90C22, 15B99"
661,"68T45, 68U10"
662,astro-ph.HE
663,68T37
664,"94B05, 05C40, 13P25"
665,90B10
666,"62M10, 62M20, 91B84, 60G25"
667,"62H30, 68T10"
668,11B83 (Primary) 11K31 (Secondary)
669,03F55
670,"49K10, 49M37, 65K05, 68T05, 68W40"
671,68W05
672,15A04
673,"03E99, 03B52, 68T37"
674,"94A12, 94A40, 94A15"
675,H.1.2
676,"65D18, 68W40"
677,05C75
678,"52C10, 52C30, 52C45, 05C10, 05C35, 05D10, 05D40, 06C15"
679,68Q17 and 37E05
680,"62J05, 65F08 (Primary) 90C31, 35Q35, 68W40 (Secondary)"
681,"68Q70, 68Q42"
682,I.2.2
683,"11T71, 94B27, 94B35, 14G50"
684,"11B36, 05D40, 15B33, 52A20, 52B20, 52C17"
685,"03D78, 62F15, 68T37, 60B05, 03F60, 65G50, 60A05, 60A10"
686,"90C25, 90C22, 90C90, 90C35"
687,"15A15, 15B48, 68W25, 41A10"
688,97R40 (Primary) 03B48 (Secondary)
689,D.2.1
690,"93C65, 68Q25, 68Q45,"
691,90C59
692,"45B99, 33C05, 15B99"
693,"65D05, 65D15, 62L20, 68U20"
694,"05C15, 05C30, 05C69"
695,"08A99, 20E08, 20F05, 20F10, 20M05, 20A99, 20M30"
696,F.4.m
697,"62M10, 62M15, 62M20, 60G25, 91B84"
698,68M10
699,90B18
700,"05B35, 94A15, 52B12"
701,94B05
702,"91A80, 14T05"
703,"14Qxx, 12Yxx, 51N15, 14N05, 53A20, 17B81, 22E70, 53A04, 53A55,
  53Bxx, 53B5, 57R25, 58C25, 68T40, 68U05, 70B1, 70G55, 70G65, 90C30"
704,G.1.5
705,"68T20, 68Q25"
706,B.3.1
707,D.1.1
708,"Primary: 81P45. Secondary: 81P70, 94A15, 37A3"
709,J.9
710,49-04
711,11T71
712,"03F30, 03D15"
713,"Primary 62G05, 62G08, secondary 62H12"
714,"62G05, 93A30"
715,90C11
716,"91E45, 91A06"
717,"35Q68, 68T10, 65D18, 68U05, 51N05"
718,"14-04, 14Q99, 65H10, 65H20"
719,"90C26, 90C30, 65K05"
720,B.2.3
721,B.2.4
722,physics.hist-ph
723,"62-07, 62-04, 65C60"
724,03B60
725,"05C85, 68R10, 68W05"
726,J.3.2
727,"68W27, 68W40"
728,"68U05, 65D17, 05E45"
729,"Primary 05A15, 20N15, Secondary 16B99, 20M14"
730,93E12
731,D.2.9
732,68N20
733,I.7.0
734,"62G05, 62G20"
735,52C23 (Primary) 37B50 (Secondary)
736,"65F10, 15A06, 68W15, 41A65"
737,05Cxx
738,68M20
739,"68M11, 68M12, 18BN35"
740,C.2.2
741,"05A05, 05A15, 05-04"
742,"62D05, 65C35"
743,3504
744,"52B05, 90C05, 90C08, 90C27"
745,"11T71, 68P30, 13A50"
746,"65N30, 65F08, 65Y05"
747,"03B15 (primary), 20F12, 20F65 (secondary)"
748,"05A10, 68W30, 11M32"
749,93E24
750,51E14
751,"91A15, 47H05, 93E20"
752,"03B45, 68Q17, 68Q60"
753,"42A15, 94A12, 65T50"
754,"55N35, 55U10, 37B35, 13D02"
755,62P35
756,"65D17, 68U07, 41A20"
757,cs
758,D.2.6
759,D.3.0
760,"94A08, 68U10, 35F21, 65M06"
761,"41A25, 82C32, 41A46"
762,"60J27, 90B22, 60F10"
763,"68U10, 92-08"
764,03C07
765,"65D17, 68U07"
766,00B25
767,"68T45, 62-07"
768,"68T01, 68T20"
769,"20F10, 20F67"
770,62-07
771,"65T50, 65T40, 65Y05, 68N01"
772,"52A41, 52B55, 46N10, 90C25, 90C30, 46T99, 47N10, 49M37, 26B25, 58C05"
773,"85-08, 65J22, 68U10"
774,68T50
775,"54H99, 54G20, 03D30"
776,"03B70, 06B35, 18B35, 18C50, 68Q55"
777,68Q15
778,"Primary: 94B05, Secondary: 94B15"
779,H.5.0
780,"90B22, 60J28, 94A15"
781,68R10
782,92B20 68T05 82C32
783,"90C25, 26B25, 49M27, 52A41, 65K05"
784,"15A03, 15A06, 15A15, 11C08, 11C20, 11H31"
785,"90C22, 90C25, 90C35"
786,"62H30, 91C20, 62-07, 05C20, 91D30"
787,"81S25, 81Q93, 81P16, 81S30, 81S05, 81S22, 81P40, 81Q10, 60G15, 47G10"
788,"90C05, 90C25, 65D18, 32C37"
789,"62F12, 62G05, 62G08"
790,68M99
791,"94A17 (Primary), 60E15 (Secondary)"
792,"20K01, 94B05"
793,"68P05, 68W32"
794,"68T10, 62M05, 60J20"
795,11Y16
796,"90C10, 05C69, 68R10"
797,"G.2.2, G.3"
798,"55S91 (Primary), 05E45 (Secondary)"
799,94A17
800,"41A25, 41A30"
801,"05B05, 11T71"
802,"94B05, 94B65, 94B25"
803,"03F03, 03F05, 03D15, 68Q15"
804,"62P25, 91D30"
805,"37B35 (Primary), 93C15 (Secondary), 34H05"
806,68P10
807,68U35
808,"60K35, 82C22"
809,C.2.0
810,"05A20 (Primary), 05-02, 05A10, 05E10 (Secondary)"
811,"49J55, 35J20, 35B65, 62G20, 65N12"
812,"94B25, 94B05"
813,"51E23, 05B40"
814,"90C31, 90C47, 94A15, 60D05"
815,"62P35, 74A40, 74S05"
816,"65T50, 94A08, 97N40"
817,"65L05, 65L06, 65L20"
818,"03B47, 03B70, 03F03, 68T15"
819,F.3
820,K.3.1
821,"74-04, 74A40, 74E30, 74Q05, 74S30"
822,"03B35 (Primary) 03D75, 03B15 (Secondary)"
823,"35A35, 35J99, 41A25, 41A46, 68T05, 65N30"
824,H.5.4
825,"57Q99, 55U10, 68R05"
826,"68Q80, 05E18, 20M20"
827,68P20
828,Computer science applications- 97R60 Computer graphics
829,B.8.2
830,"94A60, 11T71, 94C10, 12E20"
831,"68W40, 90-08, 62L20, 90C26"
832,13P10
833,"60G22, 60G15"
834,"62F10, 90C25, 62P30"
835,"05A99, 11K38, 46L05"
836,"94A17, 11A07, 11A99, 11T06, 13N15"
837,30D20 (Primary) 30D15 (Secondary)
838,H.1.0
839,"60K35, 60J05, 37B15, 37A50"
840,"68U01, 68U20"
841,"43A25, 43A32, 42A99, 11C20, 11T24, 11T99, 15A15, 15B99"
842,"68Q32, 06E30, 92B20"
843,"03B35, 68T15"
844,"65D19, 68T40, 78M32, 90C26"
845,"03D70, 03B45, 03B70"
846,"90C26, 78M32"
847,94A05
848,86A04
849,"53B21 (Primary), 97R30, 70G55, 53C22, 65D99 (Secondary)"
850,"93A14, 94A30"
851,"94B05, 11T71"
852,"94A60, 68P25,"
853,68Q25
854,68-06
855,"14P10, 65D18, 65Y20, 68Q25"
856,"01-02 Research exposition, 68-03 Historical"
857,"37-01, 39A30, 39-01, 94D05"
858,"20F10, 68Q45, 03D40, 20M35"
859,"37B05, 68W15"
860,"68T40, 97U40"
861,"05C50, 15B36, 68R05"
862,"55N99, 13D02"
863,"91B32, 91B50, 52A41"
864,"83F05, 83C27, 68T05, 52C99, 05C40, 05C80, 05C82, 90C35, 81Q30"
865,I.4.0
866,"03B60, 03B15, 68T27, 68T30, 68T15"
867,"65K10, 49M20, 35Q56, 62H30, 91C20, 91D30, 94C15"
868,"92C50, 65C20, 68Q32"
869,"57M15, 68R10, 53A55"
870,"65D17, 15B48, 41A15"
871,"05C57, 91A43"
872,00A30
873,"03E15, 54H05, 03D60, 03F15"
874,"14M20, 14Q15, 14N99, 15A69, 65H20, 68T45, 13P10, 13P25"
875,"05C05, 05C38, 05C20, 06A06"
876,"62G15, 62H30, 62G09"
877,03B42
878,"03B15, 03B35, 03B45, 03B70, 03F65, 03G30, 18A32, 18B25, 18C35,
  18C50, 18D30"
879,"65F30, 42C40, 65F50, 65N55, 65N75, 60G42, 68Q25, 68W40"
880,"70Q05, 70E60, 93C80"
881,14T05
882,"62H30, 62H35, 94C99, 15A04"
883,C.2.m
884,"51E20, 05B07, 11T71, 94B25"
885,"68W05 (primary), 05C10, 05C38, 57M15 (secondary)"
886,"68Wxx, 51M10"
887,"54A20, 06B35"
888,"18D20, 18A40, 03B70, 06B23"
889,"03Dxx, 68Qxx, 37Fxx"
890,91Cxx
891,"90C29, 90C05"
892,"68W30, 03C10"
893,68T35
894,"16L60, 94B05, 94B15"
895,"05C10, 05C15"
896,"Primary 46C05, secondary 26D15, 26D10"
897,"68N18, 03B40"
898,"94A12, 94A13"
899,"Primary: 52A39, 52A20. Secondary: 94A17, 52A22"
900,"68Q70, 20M35"
901,"68Q30, 03D32, 68R10, 05C82, 94A15, 68Q01"
902,05C30 60J10 68R10
903,I.6.9
904,"90C25, 49M27, 90C31, 47J25, 90C30, 54C30, 26B25"
905,"Packing and covering problems, Computational geometry"
906,"94B25, 94B60"
907,"68P10 (Primary) 60E05, 60C05 (Secondary)"
908,"13P20, 55U99"
909,"Primary: 05C20, 05C60, 05E18, Secondary: 20B25"
910,"11T71, 14H05"
911,q-bio.OT
912,"03B80, 92B05, 03B35, 03F07"
913,"Primary 90C57, Secondary 90C27, 52B40"
914,"05C20, 49Q10, 52A40, 90B10"
915,"05CXX, 11B39"
916,"62L20, 97K80, 62J10"
917,"03D32, 03F60"
918,"85A04, 62P35, 68T05"
919,"65F10, 65F30"
920,80M50
921,"62H30, 62F25, 62F40, 62J12"
922,"82C32, 41A25, 35R60"
923,H.4.2
924,05C25 05C63 05C75 68R10
925,"Primary 20K01 Secondary 12F05, 14H50, 15A04, 68Q25, 94A60"
926,"65G40, 65J15, 65F10"
927,68Q32
928,"05C12, 05C38, 05C90, 68R10, 90C35,"
929,"Primary: 91F10, Secondary: 00A66"
930,"03B53, 03B50"
931,"51F99, 51M05, 52C99, 26B35, 26B10"
932,"94B25, 94B50, 94B65, 94A55"
933,"90B50, 91B08"
934,"05C15 (Primary), 05C85 (Secondary)"
935,03F60
936,"05C69 (Primary) 05C05, 05C70 (Secondary)"
937,"05C50, 05C62, 05C82"
938,"91F20, 55U10, 55N35, 62-07"
939,"03B70, 34A38, 68Q60, 93C85"
940,C.3
941,"Primary: 14P10, 68Q25, 90C60, Secondary: 14Q20"
942,03D80
943,"60A05, 18C15, 52A01"
944,08A70
945,05C30
946,"68Q55, 03B70"
947,"51E15, 51E21, 51E23, 94A60"
948,"Primary: 62H30, Secondary: 90C22"
949,"05C05, 18D50, 68Q42, 32A05"
950,"62G10, 62G20, 62-07, 91-08, 91A12"
951,G.1
952,"05C85, 05C70"
953,"05C50, 05C22, 05C85, 39A12"
954,"68U10, 86A22"
955,"55U35, 03B15, 03B70"
956,"93B07, 68R99"
957,60-06
958,"90C10, 90B05"
959,"94B15, 12E20"
960,"18C15, 18G30"
961,"74Q15, 05C99"
962,"68Q05, 68Q10, 68Q55, 68Q85, 68Q87"
963,"60H30, 78M10, 94C99,"
964,"91A06, 91A43,"
965,"60B20, 94B05"
966,"12Y05, 12F10, 11y16, 68Q25"
967,85-08
968,"60G22, 60G35 (Primary), 42C40, 60G20 (Secondary)"
969,13A18 11Y65 11Y40 68W20
970,"05C05, 05C70"
971,"62F99, 62-01"
972,"90C25, 90C30, 90C06, 90C90"
973,68W32
974,68W99
975,"68U10, 86A22, 90C06"
976,"62F10, 62F15"
977,68T05 91E40
978,01A60 01A61 01A70 01A65
979,physics.acc-ph
980,"60H35, 65N25, 78M10"
981,"62C20, 68R01, 60C05"
982,"68Q17, 03B60, 03B70"
983,94B65
984,"05B10, 05B25, 51A35, 94A60"
985,"68R15, % normal numbers 11K16, % distribution modulo 1, discrepancy
  11K38 68R15, 11K16, 11K38"
986,"68R10, 60C05"
987,"68T10, 85-08"
988,"62G07 (primary), 62G20 (secondary)"
989,"35Q20, 65M60"
990,C.0
991,C.1
992,B.7.2
993,"05D05, 68R05"
994,62M15 65F08 15B05
995,"65D07, 65N38, 65N50, 65Y20"
996,"15B48, 05C57, 90C05"
997,"05C30, 05C85, 68R10"
998,"93C05, 93C35, 60H10, 93D25, 49N10, 93E20, 93B52"
999,68-00
1000,"37N40, 90C26"
1001,"68R05, 68R10, 05C30, 05C69, 05C85"
1002,"Primary: 05D10, 20B27, 54E35, Secondary: 03C15, 22F50, 37B05"
1003,05C15 05C15 05C15
1004,"03F55, 06D22"
1005,"05C50, 05E30"
1006,"90C25, 94A12"
1007,"11T71, 16S36, 94B05"
1008,18C10
1009,05C81 05C75
1010,"62F15, 18C50"
1011,"55N35 (Primary), 47H09, 54H15, 57S10, 68U05, 65D18 (Secondary)"
1012,C.2.5
1013,"13P25, 13P10, 13-04, 14Q10, 68W30"
1014,"68T, 68U"
1015,"68M10, 68M11, 68M12, 68M15, 68M14, 94C15, 68P30, 05Cxx"
1016,C.2.6
1017,68U05
1018,"81Q93, 81S25, 81P16, 46G10, 16W25, 47G20"
1019,"55P10, 68R10"
1020,"49N70, 03D78"
1021,68R10 68T30 03G10 68T05
1022,"68W01, 68W10"
1023,"01A90, 91D30, 90B10, 65F30, 65F35"
1024,"68T42, 91E10"
1025,"20E99, 20F10, 20M30, 20M35, 68Q70"
1026,"05B15, 20N05"
1027,"05B40, 51E20, 11T71, 94B25"
1028,D.4.1
1029,03-XX 03Cxx
1030,"90C22, 90C27, 90C29, 90C49, 68Q25"
1031,G.2.0
1032,"0502, 4001, 4002, 9702, 9704, 6802, 6804, 68R05"
1033,62P10
1034,"11T71, 11T06, 11R09, 11R45"
1035,"13A50, 14L24, 17B22, 37J15, 15A72"
1036,"97N70, 05C65, 06A06, 06F99"
1037,"46L05, 06B35, 03G05, 06E15, 06C15"
1038,"62-07, 62-09, 60E99"
1039,"11T71, 11T60, 94B05"
1040,"37M05, 37A05, 37A45, 37C20, 52C23"
1041,"16P10, 94B05, 94B60"
1042,"35P10, 35P30, 62H30, 68T10"
1043,"11H31, 11H71, 52C22"
1044,"05D10, 05D40, 05C65"
1045,"05A15, 05A05, 68R10"
1046,"11B25, 11Y16"
1047,68T27
1048,52Cxx
1049,I.4.3
1050,"90B10, 05C82, 90B15, 91D30, 60J80"
1051,52C10
1052,cond-mat.quant-gas
1053,"62F15, 62C10, 68W10, 65Y05,"
1054,"13P25, 42C40, 65T60, 94A29"
1055,"62G08 (Primary) 68Q32, 62G86 (Secondary)"
1056,I.6.0
1057,91E45
1058,I.3.2.a
1059,I.3.7.g
1060,I.3.6.a
1061,I.6.9.f
1062,I.6.5
1063,"65F30, 68W20"
1064,"81P70, 94B65, 94B05"
1065,"92B20, 68T05, 82C32"
1066,"49M25, 68U10, 49J55, 49J45"
1067,93B27
1068,03B45
1069,"65D18, 68U10"
1070,"68T45 (Primary) 68T05, 91E30 (Secondary)"
1071,91B68
1072,"68M20, 68T50, 62H30"
1073,"05C60, 68R10"
1074,90-04
1075,D.2.7
1076,"62-07 (Primary) 05C82, 92C42, 92C60 (Secondary)"
1077,"05C65, 05C50, 05C15"
1078,"91D30, 91G70, 62P20, 62P25"
1079,"03B47, 03B70, 03F03, 03F20, 68T15"
1080,05C50
1081,"03C13, 03C80, 68Q19"
1082,C.1.4
1083,"68T10, 68T45"
1084,"05C83, 05C75"
1085,86A15
1086,"15A18, 68W30"
1087,"60J20, 91A05, 91A80"
1088,"05A05, 05A15, 05A18, 05A19"
1089,"34A30, 12H05, 68W30"
1090,"68T05, 65L09, 49N90"
1091,"68R05, 05A05, 06D05, 68Q32, 65Y20"
1092,03F05
1093,"62H30, 91C20, 05C78, 62-07"
1094,K.4.2
1095,"11B50, 11Y16, 11T71"
1096,"91A10, 91A18, 68W01"
1097,"03B40, 68N18, 68N15, 03B47"
1098,"68T40, 70B15, 70E60, 46N10"
1099,"11A11, 11Y11, 11Y16, 68Q25"
1100,B.6.0
1101,"60B05, 60B20"
1102,"05C85, 68R10"
1103,"62H30, 33F05, 91C20, 68N30"
1104,"62G05, 62C20, 62G86, 62G07"
1105,"11B85, 37B15"
1106,"54H99, 54D55, 03D80"
1107,"68Q45 (Primary), 68N30, 68Q60 (Secondary)"
1108,"49K20, 65F15, 65K10, 35S15, 65R20, 68N01, 65N30"
1109,03B52
1110,I.1.4
1111,H.3.8
1112,H.3.11
1113,I.9.4
1114,93B51
1115,J.m
1116,K.8.2
1117,"05C15, 05C10"
1118,"Primary: 68Q25, Secondary 08A30, 08A70"
1119,"68P25, 94A60"
1120,"91A06, 91A10, 91A80"
1121,"15A69, 14Q20, 68W30"
1122,"05C85, 68Q25"
1123,"17B10 (Primary) 05E10, 16S15, 16T30, 20M42, 20M05, 20M35, 68Q42,
  68Q45, 68R15 (Secondary)"
1124,"05E18, 20B25, 22F50, 03C52"
1125,"03B70, 68Q60"
1126,D.2.2
1127,"60E10, 42Bxx, 46E22"
1128,68P10 (Primary) 68W40 (Secondary)
1129,"03B47, 03B50, 03G27"
1130,"Primary: 53C44, 52C26, 68U05, Secondary: 65D18, 51K10, 57R40"
1131,"Primary 65K15, 62L20, secondary 90C15, 90C33"
1132,"90C06, 68Q85"
1133,H.3
1134,91A46
1135,"03B15, 03B70, 03F03, 03F05"
1136,"65L06, 65M20, 65L04"
1137,"68T10, 97R40"
1138,Applied computing - Economics
1139,"94A60, 68P25, 11T71, 14G50"
1140,"94A60, 14G50"
1141,H.1
1142,"68M20, 90B35"
1143,"92B20, 92C50, 68T50, 92B10"
1144,"15B52, 15A18, 33C45, 33B15, 62E15"
1145,"14P10, 68W30, 90C25 (primary), 14Q20, 68R01 (secondary)"
1146,"05C15, 05C35"
1147,"91D30, 37N99, 93A30"
1148,"15A23, 35K05, 35N20, 35L65, 65D25, 65D30, 65F15, 65L05, 65L06,
  65L60, 65M22"
1149,"68Q25, 68W25, 82B20, 52C07, 52B55"
1150,52C05
1151,"65C05, 65D30, 65C10"
1152,"11T06, 11R32, 11R58, 11R45"
1153,"68R10, 05C83, 05C85"
1154,"05C70, 05C80, 05C85"
1155,"65N12, 76D05"
1156,"68M01, 60G40, 91A60"
1157,"94B60, 11B39"
1158,"68W30 (primary), 13P10, 90C10 (secondary)"
1159,"05C50, 05C75, 15A16"
1160,"18B10, 03G30"
1161,49 49Kxx
1162,cond-mat.supr-con
1163,90C40 (93E20)
1164,68T30 03G10 68T27
1165,"35Q91, 91A05, 91A60, 91A30"
1166,"05C69, 05C57, 05C76"
1167,"05C05, 65C05, 05C85, 05C81, 60J80"
1168,94A15
1169,"60J20, 90C15"
1170,"62H30, 65Y05, 68M20, 91C20"
1171,"65Y05, 68Q10, 68W10, 68W15"
1172,"68W10, 68W15, 68W40, 90C06, 90C25, 90C35"
1173,"62D05, 62L12, 62G05 (Primary) 62L05, 62G07 (Secondary)"
1174,"94B05, 94A60"
1175,"65F10, 60B20"
1176,"62G99, 62G10"
1177,"65F08, 65F10, 76S05, 65M08, 65M60"
1178,"90C15, 90C25, 68W20"
1179,"94B65, 94B25, 05B40"
1180,"06E30, 05B30, 94A60"
1181,"65F08, 65N22, 65L05, 35Q61"
1182,"37A25, 90B18, 68M10, 68W15, 93A14"
1183,"05C69 (Primary), 05C75 (Secondary)"
1184,"05A15, 05C05, 05C30, 11D68, 68P30"
1185,"20M07, 68Q70, 20M3"
1186,"68R15, 94A45"
1187,"20M20, 68Q80"
1188,"94A60, 94B05, 94C99"
1189,D.1.4
1190,D.2.3
1191,68Q60
1192,"05C15, 05C21, 05C30, 05C40, 05C75, 68R10"
1193,"46E22, 46S50, 60G15, 62H25"
1194,"03B70, 05C75, 68R10"
1195,"94A17, 90C25, 90C34, 65K05"
1196,"05C38, 05C70"
1197,"65D19, 93E35"
1198,"81P68, 18D10"
1199,03B40 (Primary) 68Q42 (Secondary)
1200,60 Probability theory and stochastic processes
1201,"03F52, 68R10"
1202,90C25
1203,"68Q60, 65Y99"
1204,52
1205,96A60
1206,"62H30, 62J12"
1207,"05A15 (Primary) 03D20, 05C05, 68P30 (Secondary)"
1208,"05A05, 05A99, 91B14"
1209,"92B20, 68T05"
1210,"68T05, 91E40"
1211,"62-07, 62G-05"
1212,"62E15, 15B52, 15B57, 15A18"
1213,"65F10, 65F15, 65F50"
1214,"68T05, 49N30, 93C41, 62B10, 68P30, 94A17, 94A34 68T05, 49N30, 93C41,
  62B10, 68P30, 94A17, 94A34 68T05, 49N30, 93C41, 62B10, 68P30, 94A17, 94A34"
1215,I.4.2
1216,"15B99, 15A15, 60E15, 93A10"
1217,68N15
1218,33F10
1219,"68T05, 82C32"
1220,"18B35, 18D20"
1221,92-04
1222,68W30
1223,"14M12, 15A69"
1224,05C57
1225,"94B60, 94B65, 05A05"
1226,"06E30, 05E30, 05D40"
1227,"60D05 (Primary) 60F05, 60F15, 60G70, 60G17 (Secondary)"
1228,"14Q99, 68W30"
1229,"65K05, 62F10, 68T40, 68W40, 68W25,"
1230,"65Y05, 65F30, 65F50"
1231,"68T45, 62-07, 62C05"
1232,"68U10, 62M40"
1233,MM cs
1234,"05C50, 11A41, 11A51, 11N35, 11N36, 11N80, 11Y05, 65K10, 65P10,
  65Y20, 68Q12, 81P68, 81P94, 94A60, 81-08"
1235,C.1.3
1236,C.1.m
1237,F.2.3
1238,G.0
1239,"65T50, 15A23, 33F99, 68R01, 16G99"
1240,"52B05, 68P05,"
1241,91B12
1242,"57Q35, 57M15, 57M25, 57Q45, 05C62"
1243,68Q85
1244,"05C38, 05C85"
1245,"Primary: 91A05, 91A10, 91A43, secondary: 90C46, 05C21"
1246,"Probabilistic reasoning, Reasoning about belief and knowledge, Modal
  and temporal logics"
1247,"41A15, 65D07, 65D17"
1248,"05C22, 05C15, 90B10, 90C09, 90C10, 90C11, 90C20, 90C35, 90C57,
  90C90, 91D30"
1249,94B60
1250,"68T40, 68T45, 68U10"
1251,"68Q17 (Primary), 03D15, 60C05 (Secondary)"
1252,"60K35, 05C80"
1253,"Primary 68T01, Secondary 35J99"
1254,"18D10, 18D50"
1255,"11R11, 11R52, 68P30, 11H31, 11C20"
1256,"62, 68"
1257,"05C05, 05C35, 05C40"
1258,11K45
1259,"62D05, 62Q05, 62K99,"
1260,60G15
1261,"05C78, 05C15"
1262,"68Q15, 68Q05, 68Q17"
1263,"93C10, 93C15, 93A15"
1264,"37A05, 37B99, 94A34"
1265,"60D05 (Primary) 60C05, 68U20, 68Q25 (Secondary)"
1266,68W01 (Primary) 92B10 (Secondary)
1267,"05D10, 20B27, 37B05 (Primary), 03C15, 05C55, 22F50, 54H20
  (Secondary)"
1268,"11T71, 94B27"
1269,"65N06, 35R02, 68T05, 68W01, 35D40"
1270,93B99
1271,"08B05, 08A70"
1272,"05C12, 05C76, 06A07"
1273,"28-04, 68Uxx"
1274,"05E45, 54H25, 91B32"
1275,"94A24, 94A45, 68P30"
1276,"03G10, 06B23"
1277,68N99
1278,"05C57, 05C20"
1279,"68Q17, 05E10"
1280,05C78
1281,06F05
1282,"05C63, 05C75, 05C12, 05D10, 05E18, 20B25, 54E35, 22F50"
1283,"08A70, 68Q87, 68R01, 82B20, 68R10, 05C15"
1284,62A01
1285,"68W27, 90C27"
1286,"82C20, 05C25, 68Q25"
1287,"68Q85 (Primary), 55R40 (Secondary)"
1288,"68Txx, 97R40, 92B20, 92Bxx, 82Dxx, 82D80"
1289,65-05
1290,"68P10, 68P30, 68W25, 94A45"
1291,D.1.6
1292,"60G40, 65C60, 68T99"
1293,"03B35 (Primary) 03E40, 03B70, 68T15 (Secondary)"
1294,05C21
1295,05C20
1296,"94A15, 68T05, 62B10"
1297,93-XX
1298,68M01
1299,"94B05, 94B25"
1300,"60G15, 62K05, 65D18"
1301,93EXX
1302,"65D05, 65D15, 65G20"
1303,"93E03, 93A30, 91D30"
1304,"68N30, 68T45"
1305,"91A99, 78M50"
1306,05C85 (Primary) 05C83 (Secondary)
1307,"62H30, 62H20"
1308,"05C10, 06A99"
1309,"68R15, 11B39"
1310,"51M09, 05C12"
1311,"35Q30, 93B05, 93C20"
1312,"90C22 (Primary) 14C17, 14P10, 68W30 (Secondary)"
1313,"90B22, 90B15, 90C40, 90C39"
1314,"35A18, 65T60, 68T10"
1315,"15A69, 15A72, 65F35, 65K10, 65Y20, 65Y04, 65Y05, 68W25"
1316,65T60
1317,F.m
1318,"60G15, 62M30, 62G08, 12H05, 68W30, 13P10, 13P20, 13J30, 13P25,
  60B11, 35Q61"
1319,"90C59, 90C06, 90C10, 65C05, 68U01"
1320,"93B30, 93B36"
1321,nlin.SI
1322,D.4.0
1323,D.4.7
1324,68T40 (Primary) 70B15 (Secondary)
1325,03E72
1326,I.7.2
1327,"05C69, 05C70"
1328,"35J20, 35R05, 65N30, 68T99, 74B05"
1329,"68T27, 68T37, 93C85"
1330,"68Q25 (Primary), 03B05, 08A40 (Secondary)"
1331,"35B27, 74Q05, 74F10"
1332,"26A33, 35R11, 65F60, 65M06"
1333,2018
1334,94C99
1335,B.7.1
1336,91F99
1337,"03B65, 68P05, 68P10, 68Q55, 68T30"
1338,"68M12, 94A60"
1339,"13P15, 15B05, 33C05, 33C45, 33F10, 68W30"
1340,"62H10 (Primary) 62H11, 20G05, 22F30 (Secondary)"
1341,03D15
1342,"F.1, F.2.3"
1343,65D05
1344,14H50
1345,"26C15, 93B40, 93C05, 93B55"
1346,"68Q15, 15A69"
1347,55U10
1348,"62G20, 62C10, 62F15, 49J55"
1349,"93E20, 91A15, 60F05"
1350,"05C65, 05C75, 05E18, 20B25, 54E35, 22F50"
1351,"05C35, 05D10 (Primary), 05C15 (Secondary)"
1352,"93E20, 93E35, 60J20"
1353,"05D05, 05C35, 05C69"
1354,"68N01, 90C30, 90C06"
1355,"35R30, 42B20, 45E10, 65K10, 68U10, 90C90, 92C55"
1356,"05E30, 94B05"
1357,6804
1358,"35Q60, 49M27, 65D07, 68Q25, 68R10, 68U05, 78M10"
1359,"03B47, 03B70, 03B40, 68N18, 03B15"
1360,"03F30, 03F20, 03D15, 68Q15, 68Q17"
1361,"62F15, 62C10, 68Q32, 68T05"
1362,"05E18, 05C38, 20B05, 20F05"
1363,"Game theory, economics, social and behavioral sciences"
1364,"49N75, 49N90, 49K35, 91A05, 90C29"
1365,"65F10, 65F50, 05C50, 05C70"
1366,"68Q01, 68W01, 14Q20"
1367,68T45 (Primary)
1368,"65F60, 65F30, 65N22, 65L05, 35Q61"
1369,03G10 51F99 68P05 68T01
1370,"05D40, 05C57, 05C15, 05C12"
1371,"Primary 05C57, Secondary 05C85"
1372,D.2.19.c
1373,D.2.4.e
1374,91C99
1375,"03F03, 03D15"
1376,"05C82, 62-07, 91D30, 82B43"
1377,"62F15, 68T05, 16Y60"
1378,"68Q70, 68T05"
1379,"05C75, 05C15, 05C85"
1380,"65F10, 65F20, 65F22"
1381,"43A60, 11K70, 42A75, 94A20"
1382,"57R42, 57Q35, 03D15"
1383,55Pxx
1384,H.2.0
1385,"15B52, 60B20"
1386,62H30 and 65C60
1387,"11T71, 14G50, 94B15"
1388,"05C69, 05C81, 05C90, 68M10, 90C27"
1389,68T30 03G10
1390,18122
1391,"60G35, 62P30, 68T10"
1392,14G50 - 11T71 - 94B27
1393,"68T05, 68T27, 68T30, 68T40"
1394,"06A07, 05C35"
1395,H.3.m
1396,I.3.m
1397,"62L05, 60G15, 94A17"
1398,14P10
1399,"90C30, 53C50, 53B30, 49M05, 49M15"
1400,"65F22, 65R32, 65R30, 65D18, 65J22, 65J20, 65L09, 68U10, 94A12,
  94A08, 92C55, 54C56, 57N25, 47A52"
1401,"68Q45, 20M30, 37C35"
1402,"37D45, 05C82"
1403,"68M10, 68M12, 68M14, 68M20"
1404,H.4
1405,"68M20, 68M10"
1406,"Primary: 05C25, 14G50, Secondary: 22F70, 11R52"
1407,55T05
1408,"65K10, 90C15, 68Q32"
1409,"68Q17, 15A69"
1410,"94A05, 94A17"
1411,51E23 (Primary) 90C26 (Secondary)
1412,"52C23, 37B50"
1413,"68Q17, 13P05"
1414,"91G99, 93E35"
1415,"13P25, 14G50, 94B27, 11T71"
1416,"06B35, 06D22, 03B70, 03F60"
1417,52B05
1418,"90C25, 65K05, 65K10, 49M29"
1419,"68M07, 68M10, 68M15"
1420,I.3.2
1421,05E18 05C60
1422,"05C57, 91A46"
1423,D.1.7
1424,"65K05, 62F10, 65D19"
1425,"65K05, 65K10, 90C26, 47N10"
1426,60G07
1427,"37Nxx, 92Exx, 92C42, 14Qxx, 13Pxx, 52B20, 52B35"
1428,"94B05, 51E23"
1429,"91D30, 01A90, 05C82, 05C21"
1430,"68R15, 68Q45"
1431,D.2.13
1432,"05C10, 05C38, 05C45, 05C85"
1433,"05C15, 60J10, 68W20"
1434,"53A35, 62M99, 68U10, 60H15"
1435,"60G15, 62F15, 65C20"
1436,"57Q15, 57N10, 05C75, 57M15"
1437,18C15
1438,"68W01, 68W40, 68R01, 90B18"
1439,"68W05, 68Q25, 68R10"
1440,"35A01, 35A02, 35M33, 93D20"
1441,57M15
1442,"68Q30, 68Q05, 05C82, 94A15"
1443,78A05
1444,"05A16, 11T71"
1445,"90C25, 90C30, 90C06, 90C90, 68Q25, 65K05, 65Y20, 68W40"
1446,"68R10, 05C50, 65F15, 65T50, 68T05, 62H30"
1447,"65C05, 65N21, 65N25, 60G60, 62M40, 62F15"
1448,"05C82, 68R10, 05C12, 34K30, 35K57, 35Q80, 92D25"
1449,15A29
1450,"68Q17, 68T37"
1451,"94A08, 65T60,"
1452,"05A16, 94A15"
1453,"68Txx, 68-XX"
1454,"65K10, 68T45"
1455,"13P25, 94B05, 94C15, 11T71, 05C40"
1456,68Q05
1457,"62H12, 62H30, 62F12"
1458,"65L60, 65N30, 34A55, 34M50, 92C50"
1459,"65C05, 49L25, 65C99"
1460,"05C75 (Primary), 05C30, 05C20, 05C05, 05C85, 05C90, 92D15"
1461,"68Q32, 68T05, 41A25, 41A63"
1462,"65C05, 62F15, 62P10, 92-08, 92B10"
1463,"G.1.6, H.4.3"
1464,"65K10, 68N99, 68W99, 90C53"
1465,"G.1.6, G.4"
1466,"68T20, 90B40, 90C59"
1467,"03B70, 94A17, 68Q17"
1468,"03B05, 03B10, 97E30, 00A66"
1469,"68T01, 68T05"
1470,B.1.3
1471,"90B50, 90B51, 90C27, 90C59, 68T20"
1472,"49Q20 (Primary), 49Q15, 49Q05, 49Q10, 28A75, 58A25, 62-04, 62-07,
  65C60, 65D18, 05C10"
1473,"68U05, 65D18"
1474,"62H30 (Primary) 62H17, 62H20 (Secondary)"
1475,"68U05, 68T05, 68T10"
1476,"05C10, 57M15"
1477,"05C99, 05C70, 94C15"
1478,"65D99, 65N99, 65Y20, 68Q25"
1479,05B30
1480,"65M50, 68W10, 65Y05, 65D18"
1481,"62P25 (Primary), 91C20(Secondary)"
1482,"62G15, 68U05"
1483,"05C57, 91A46, 68R10"
1484,"03E55, 08A99, 08C99"
1485,"68U05, 05C45"
1486,97Uxx
1487,"03B40, 68N18, 68N20"
1488,"94A40, 94A24, 94A17"
1489,05C90
1490,"68Q45, 20M05, 20F10, 03D40, 08A50"
1491,"65M22, 65N22, 65F99, 49M15"
1492,"06D50, 68F05"
1493,"Robustness, Matchings and Factors, Graph Algorithms, Approximation
  Algorithms, Fixed Parameter Tractable, Combinatorial Optimization"
1494,"68W25, 90C59, 90C27, 68R10, 05C85"
1495,"03F60, 54F05, 03D30"
1496,"03D30, 03F50, 03F60"
1497,"05C35, 05C15, 05D10"
1498,82-04
1499,"68W25, 68Q17, 68R10,"
1500,"90B36 (Primary), 68M20, 60K30, 68W25 (Secondary)"
1501,"65C10, 60F05, 62E20, 62E17"
1502,62C20
1503,"68-XX, 68Txx"
1504,"05C15, 05C40, 68Q17, 68Q25, 68R10"
1505,"94B05, 94B35, 11B34"
1506,"65D19, 68T45"
1507,"92Exx, 92C42, 14P10, 37N25, 14P05"
1508,"94B27, 11G20, 11T71, 14G50, 94B05"
1509,"05D10, 05C55, 05C10"
1510,"62H15, 62J07,"
1511,K.3.8
1512,"94B05, 94B35"
1513,"03B20 (Primary) 03F03, 03F30, 03A05 (Secondary)"
1514,"37A05, 37B10, 94A29"
1515,"85A20, 68T05"
1516,"05C62, 05C15"
1517,68W40
1518,"03B52, 68T35"
1519,"94A60, 94A62, 94B40, 11A07"
1520,"03F07 (Primary), 03B35, 68T15, 68T30 (Secondary)"
1521,"49J20, 65C30, 62M45"
1522,"62P35, 65C60, 65D05, 65D15, 65N25, 65Y05, 65Z05, 68U20"
1523,90B80
1524,00A79
1525,68N17
1526,"65Z05, 42A05, 42A15, 94A08, 94A20, 65J22"
1527,"20B15, 20B35, 94A60"
1528,"20B35, 20D20, 94A60"
1529,"05C85, 68R10, 68W25"
1530,"15A75, 15A15, 15A16, 15A42"
1531,"90C57, 05C69"
1532,C.5.5
1533,"42C15, 42C40, 65T60, 58A10"
1534,"05C60, 05C75"
1535,"68Txx, 68Wxx"
1536,"58J65, 94A08, 35R30"
1537,"68T05, 68T10"
1538,"68T05, 62P20"
1539,"34A34, 70G60, 37N25, 92C42, 92D40"
1540,"62P15, 62P25, 62P99, 68W40, 68W01, 91E10, 91E45, 82-08, 62-07"
1541,"68W40, 68W15, 90C25, 90C06"
1542,"68T05, 68Q32"
1543,"20F10, 20F65, 68Q42"
1544,"90C27, 90C39, 90C59"
1545,"68Q25 (Primary), 90B35 (Secondary)"
1546,"68Q25, 68W25, 68W40, 03F20, 65Y20, 11Y16, 68P15, 97R50, 68P05"
1547,78.02
1548,E.5
1549,"93E03, 93E20, 68W25"
1550,68Pxx
1551,"Primary 05A15, 20M14, 20M99, Secondary 39B52"
1552,"cs.CV, cs.HC, cs.AI"
1553,K.6.1
1554,65C05
1555,I.6.8
1556,05C70
1557,"05C69, 94A24"
1558,65P20
1559,"20B27 (Primary) 68Q42, 68Q45 (Secondary)"
1560,"62-07, 68Q32, 68T01"
1561,"05E-xx, 68R-xx, 51P-xx"
1562,"68T05, 41A10, 60F05, 68Q32, 62G08, 94A15, 65K10"
1563,"60K37, 62F07, 62F15"
1564,65D18
1565,"93-04, 93B05, 93B07, 93B10, 93B17, 93B20, 93B36, 93B40, 93B60,
  93C05, 93C35, 93C55"
1566,"91-08, 91B02, 91B74"
1567,"90C33, 97K30, 91A99, 91A43, 05C57, 05C35"
1568,"94A55, 94A60, 11B50"
1569,"52C15, 68R05, 68U05"
1570,"20M05, 20M18, 20M30, 20M35, 68Q45"
1571,"93A14, 68T42, 15B51, 05C50, 05C05, 60J22"
1572,"03B60, 68T27, 03B52, 68T30"
1573,60D05
1574,K.3.5
1575,D.2.18
1576,"65F08, 65M15, 65N12, 65N30, 76D07"
1577,"14Q15, 15A72, 65K10"
1578,"68U10 (Primary), 65K10 (Secondary)"
1579,93C41
1580,Discrete optimization
1581,"05C80, 05C82, 60C05, 60K35, 91D25"
1582,"68W30, 33F10"
1583,"94A15, 68Q17, 68R05, 94A17"
1584,"65J20, 94A08, 49N45, 49N30"
1585,"20F10, 68Q05, 03D40"
1586,"93-04, 93B50, 93C05, 93C55, 93C35, 93B40"
1587,68W25
1588,"13B02, 94B05"
1589,"05C65, 68R10, 05C82, 91D30"
1590,68Q12
1591,"11T23, 11T24, 11T71, 94A55, 94B15"
1592,68W27
1593,"05C05, 05C12, 05C85"
1594,F.1.0
1595,"94A15, 91A99"
1596,"34A38, 68Q10, 03H10"
1597,92-08
1598,"94B05, 94B25, 05B40"
1599,03-XX
1600,"68T01, 68T05, 68U10, 62M45, 78M32, 92C55, 94A08"
1601,"I.2, I.2.1, I.2.6, I.2.10, I.4.5, I.4.9"
1602,"60B99 (primary), 60G99, 62B10, 94A17"
1603,E.0
1604,"68Q17, 68Q25, 68W25, 68W40"
1605,68T42
1606,"94B05, 94C10, 94A60"
1607,"68U05, 65D99 (Primary) 68W30, 68Q25 (Secondary)"
1608,"62H10, 15B52,"
1609,I.7
1610,"62H20, 68P10"
1611,"05C30, 05C10, 68R05, 52C40,"
1612,"03C40, 03C52, 03C75, 03C13, 05C62, 05C38, 05C76"
1613,"65Y05, 65Y20, 74A05"
1614,1
1615,65F30
1616,"68T37, 68T27, 68T42"
1617,37M99
1618,"62H25, 62F35, 65F22, 65F50"
1619,"68W25, 90C27, 92D15"
1620,"35-04, 65-04, 65Y05, 65Y10, 65Y15, 97N80"
1621,"65K10, 90C26, 68Q25, 68W40,"
1622,"15A69, 14L35, 68Q15"
1623,"12Y05, 13A50, 13P25, 14Q99, 20B30, 33C55, 68W30"
1624,60E99
1625,"62H25, 65F35, 62F12"
1626,"60J60, 62-04, 62E17, 60E15, 65C60 (Primary) 62-07, 65C05, 68T05
  (Secondary)"
1627,"65L05, 65L06, 65L60, 65M15, 65M22, 68U20"
1628,"05C80, 05C82, 62-07, 62H17, 60C05"
1629,"54E05, 68U05"
1630,"G.2.2, G.3, G.1.6, J.2, J.4, E.0, G.4"
1631,"51B25, 30B70, 51M05, 51N25, 51B10, 68U05, 11E88, 68W30"
1632,"90B35, 90B50, 68T20, 90C27"
1633,05C69 (Primary) 05C85 (Secondary)
1634,"68N01, 68T50"
1635,D.2.0
1636,"68Q45, 11J71"
1637,"68P30 (Primary) 03D20, 05A15 (Secondary)"
1638,"03F20, 68Q17, 68Q15, 03F30"
1639,"91A12, 65G30"
1640,35
1641,"03D30, 03D78, 03F60, 37C25"
1642,"65N55 (Primary) 65N30, 65J10, 65F08 (Secondary)"
1643,"06E75, 08A70, 03G27, 03C05, 94C10"
1644,"62F35, 65K10, 49M15"
1645,"06F20 (Primary) 03H15, 03F30 (Secondary)"
1646,93E35
1647,"34B15, 82C32"
1648,68W20
1649,90B06
1650,"68T20, 68T27, 68T42"
1651,"97R40, 68T10"
1652,"51N15 (primary), 62H11, 62H35 (secondary)"
1653,93-06
1654,05B05
1655,"68T05, 94A20, 41A35"
1656,"62M45, 68T27"
1657,"52A37, 05D40"
1658,"94B15, 11T71"
1659,"65K10, 60H10"
1660,"13P10, 13P99"
1661,"05C15, 05C76"
1662,"62-07, 60G10, 62M10"
1663,"49K10, 49M37, 65K05, 65Y20, 68T05, 68W40"
1664,"F.1.3, F.2.1, G.1.6, I.2.6"
1665,49J15
1666,"68T05, 55N35, 62-07"
1667,"62H12 (Primary) 62D05, 05C82, 62J10 (Secondary)"
1668,"53B05, 53B20, 68T05"
1669,"68Q17, 82D30, 60K35, 60J80"
1670,"76P05, 82B40, 82C40, 82D05, 35Q20, 65T50, 65M60, 65M70, 65Y05,"
1671,"62H99, 65C60, 60E05, 00A72, 65C10"
1672,"68Q25, 92D15, 05CO5"
1673,03B65
1674,"68T01, 68T10, 68T45, 62H25"
1675,"D.1.5, D.1.2, D.3.2, F.4.1, E.2"
1676,08
1677,"65C20, 65C05, 76F55"
1678,"55U99, 68T05"
1679,"05B05, 05B30"
1680,"37N99, 46E22, 47B32"
1681,"68T05, cs.LG, cs.AI, cs.CV, cs.NE, stat.ML"
1682,60J10
1683,"94B25, 94B65"
1684,"08A02,"
1685,"68Q32, 68T05, 90C90, 90C27, 90C11"
1686,"65D30 (Primary), 65D32, 65D05, 46E35, 46E22 (Secondary)"
1687,62J12
1688,"62-XX, 62H30, 62G05, 62G07, 62H12, 62-07, 62J07, 68T05"
1689,"03B47, 03B70, 03B40, 68N18, 03B15,"
1690,"94B60, 94B65"
1691,"05C12, 05C35, 05C50, 05C62"
1692,"I.2.6, C.2, F.1.1"
1693,"91C15, 91B12, 52C99"
1694,03G05
1695,"11T71, 68P25, 94A60"
1696,"94A15, 94A60"
1697,"46E22, 62G10"
1698,"91B14, 06E30"
1699,"97N70, 46S30"
1700,"18C15, 18D30"
1701,"68T05, 49N30, 93C41, 62B10, 68P30, 94A17, 94A34"
1702,"68R15, 68Q45, 11K16"
1703,"62C86, 90B50, 91B06"
1704,"65F60, 05C50, 15B48, 15A16"
1705,"62F15, 62G07, 62M45, 68T30"
1706,"68W30 (Primary), 65D99, 68N99 (Secondary)"
1707,"55N99, 62H99, 57R70"
1708,"65D17, 65D05, 65D10"
1709,"60B20, 68Q87, 68Q45, 15B48, 15B52, 05A05"
1710,"37N35, 70Q05, 70F40"
1711,05C57 (Primary) 91A43 (Secondary)
1712,62P30
1713,K.7.3
1714,05E10 94B50 94B25
1715,I.3
1716,"68Q17, 68Q25, 68W40, 68R10"
1717,"91-08, 90B50"
1718,"65D18, 68U05, 68Q25, 65M50, 65N50"
1719,"90B35, 68W25, 68W27"
1720,"05C15, 05B45"
1721,"42A38, 93E10, 562M15, 42B30"
1722,"91A46, 05C38"
1723,"91B12, 94C10"
1724,"68U35, 68T37, 68T10"
1725,"65M60, 76Fxx, 76Hxx"
1726,"81P68, 68Q12"
1727,03A99
1728,"15B05, 42A82, 65T99, 65F15, 94A20"
1729,"94B02, 90C08"
1730,"60A99, 60D99, 62A99"
1731,"05C83, 90C27"
1732,05C10
1733,"62H30, 15A69, 53A45"
1734,"68T05, 91-08, 91G20, 91G60,"
1735,"05C82, 05C75, 05C21, 05C10"
1736,"68Nxx, 03B50"
1737,"68R15, 37B10"
1738,"65D17, 68U17, 62H30"
1739,"05C80, 60B20, 94B05"
1740,"42A10, 42A15, 94A08, 94A15, 94A20"
1741,"11P99, 11Y16, 11P70"
1742,"68W25, 68W05, 68R10"
1743,"11Y40, 11F11, 94A60, 81P68"
1744,"57Q35, 55S91, 52A35"
1745,"90C25, 68Q25"
1746,"03B20, 03B50, 03B62"
1747,"90C06, 68W40, 68W20"
1748,"68P10, 68P20"
1749,"05C80, 60C05"
1750,"68R10, 05C75"
1751,"91D30, 05C82, 90B10"
1752,"37M10, 92C55, 97I40"
1753,12H05
1754,"68T10, 92B99, 65D18 94A17, 55N99, 5504"
1755,"68T40, 93C85, 91A25"
1756,"62-07, 60B05"
1757,14Q10 (14J99)
1758,91B14
1759,"Primary: 12E15, Secondary: 11T71, 16W10, 13J30"
1760,"91A22, 91A40, 91A80"
1761,"94A15, 55N35 (Primary), 39B05, 60A99 (Secondary)"
1762,"68T15, 03B35, 03B80, 03B15"
1763,"94B05, 81P45, 81P70"
1764,"46E22, 62G08, 65D15, 47B32"
1765,00-02
1766,"94-02, 94A99"
1767,65Z05
1768,"68Q17, 68Q25"
1769,"93E35, 62L20"
1770,76D07
1771,"94C99, 68M12, 68M20, 90B25"
1772,q-bio.SC
1773,"93E03, 60J10, 60J20, 65C40, 68Q87"
1774,"94B25, 94B15"
1775,"18, 92, 68"
1776,06B99
1777,"13P10, 94B05, 94B35"
1778,"68W25 (Primary) 90C27, 68R05 (Secondary)"
1779,94B25
1780,"52Cxx, 57Mxx, 90C99, 05Cxx, 91Axx"
1781,"91G20, 91G60, 91B25, 60G22, 68T20, 62F10, 62F15, 62P05, 62M45"
1782,00A69
1783,05C62
1784,"68Q19, 60J27, 60J28, 60G10, 37N25, 92C42"
1785,"93C85, 93C55, 68T40, 68W99"
1786,F 1.1
1787,15A18 58B10
1788,05C05
1789,03B40
1790,"14J60 (Primary) 14F05, 14J26 (Secondary)"
1791,03C90
1792,10010583.10010600.10010628.10010629
1793,"Primary 91A10, 91A26, secondary 68Q32, 68T02"
1794,"05C80, 60K35, 60F10"
1795,"78Axx, 65D30, 65D32, 65D15, 65D05, 68U20, 65C20"
1796,"62K05, 41A10, 65D15, 65D05"
1797,05C60 and 68Q25
1798,"Primary 14M25, 14G50, Secondary 52B20"
1799,"06A06, 91B14, 91B12, 68Q17"
1800,"15A69, 15A18"
1801,"05C99, 94A40"
1802,"2010: Primary 55N99, 68W05, Secondary 55U99"
1803,"35Qxx, 65N30, 65M60, 65Y05, 74S05"
1804,"D.3.1, F.3.2"
1805,"68T05, 68T40, 93C85"
1806,"97N40, 65M06, 35Q93, 65K10"
1807,"68T01, 68T10, 68W40"
1808,"05C70, 68W40, 05C85"
1809,90C26 90C25 15A09 65K05
1810,"42C15, 42C40, 76B99"
1811,J.4.1
1812,Primary: 81P50. Secondary: 15B52
1813,"18-XX, 03-XX, 03D15, 68Q30, 03D10"
1814,"62F15, 62G08, 65C99, 65D05, 65D30, 65J22, 68W20"
1815,"62F15, 60G15, 62G08, 62K20, 62K86"
1816,"91B12, 91B70"
1817,"90C40, 60J05, 65C05, 68W40"
1818,03F30 (Primary) 03F20 (Secondary)
1819,"15B05, 15B36, 11C20"
1820,52C07
1821,"05C05, 05C15, 05C70"
1822,"03Bxx, 03B52, 03B10, 03Axx"
1823,68W15
1824,"05E45, 55U10, 92C20"
1825,"62J02, 62J07,"
1826,"68R10, 68W01"
1827,"37B15, 60J05, 60K35"
1828,"65M60, 65M85"
1829,"81P70 (secondary: 55U15, 94B99)"
1830,"11Txx, 11Yxx, 11H71, 11D04, 15Bxx"
1831,F.1.7
1832,F.8
1833,"62G08 (Primary), 62G20 (Secondary)"
1834,"94A24, 94A17"
1835,"94B05, 05B35, 12Y05"
1836,"03B45, 03B60"
1837,"F.2.2, I.2.7"
1838,91D30 (Primary) 68T20 (Secondary)
1839,65Y10
1840,I.6.1
1841,I.6.7
1842,"91D30, 05C82, 91G40, 68T05 91D30"
1843,"62J02, 68T01, 91C20"
1844,68P15
1845,62P15
1846,"03-04, 11-04, 20-04,"
1847,"62G08, 68W20"
1848,"65Y05 [Computer aspects of numerical algorithms: Parallel
  computation], 68W10 [Algorithms: Parallel algorithms]"
1849,"15B10, 15B51, 65F25, 65F15"
1850,"35Q41, 34C15, 35Q70, 34B10"
1851,57-06
1852,"65K10, 58J50, 68U05"
1853,68Q32 (Primary) 62H30 (Secondary)
1854,"65D17 (Primary) 14M25, 65D17, 68U07, 70H06, 37J05, 37J15, 81Q35,
  81R30, 81S10 (Secondary)"
1855,"68R10, 05C75, 05C85, 05C62"
1856,"94B05, 15B36, 11Y16"
1857,"05C85, 90C10"
1858,"91A12, 05C90"
1859,"37A35 (primary), 37A50, 28D15, 28D20, 94A17"
1860,"81S25, 81S30, 81S05, 81S22, 81P16, 81P40, 81Q93, 81Q10, 60G15"
1861,"97B10, 68U01, 68R05, 65C05"
1862,"05C57, 05C69, 91A43"
1863,"62-07, 62P30"
1864,"93E10, 42A38"
1865,"51F99, 46B85"
1866,"65K05, 65K10, 90C26, 90C15, 90C30"
1867,"11K16, 68R15"
1868,"49N45, 68Q25, 68R05, 94A08"
1869,"68Q17, 05E10, 14L24"
1870,"94A34 (Primary), 94A29 (Secondary)"
1871,"68P30 (primary) 05D99, 05B40 (secondary)"
1872,"68Q25, 68W25, 05C85"
1873,11D04
1874,"65F10, 65F50"
1875,"60-04, 60-08, 62-04, 62-07"
1876,"41A25, 44A35, 41A46"
1877,"05C15, 05C20, 05C38"
1878,H.3.2
1879,"91B26, 91-08"
1880,15A83
1881,"62H30, 62M45, 91C20"
1882,"68Q05, 68Q45, 81P68"
1883,physics.atom-ph
1884,"14M12, 14G15, 94B05, 05A15, 05E30"
1885,"91G40, 68T01"
1886,D.0
1887,93C85
1888,"03B15, 03B50, 03B40, 68N18, 03B47, 03F52, 03B20, 03B70"
1889,"68R10, 05C81, 47H06"
1890,03D
1891,"05C50, 05C70, 47H30, 68R10"
1892,"68W15, 68U10"
1893,93Cxx
1894,"15A15, 05C65, 41A10, 68W25, 68R05"
1895,"03B60, 03D05, 68S05"
1896,"14T05, 13P10, 68W30"
1897,28-06
1898,"I.2.9, C.0, C.1, C.5"
1899,"94B15, 94B05"
1900,68Q17 (Primary) 05C82 (Secondary)
1901,"Primary 42C10, Secondary 60E15"
1902,"05C57, 91A43, 91A46"
1903,"68T05, 68P30, 68U10"
1904,62F99
1905,"90D15, 93C30"
1906,"03D78, 03D45, 03D55, 03D30"
1907,"18C50, 03B15, 03B70"
1908,"03D32, 68W01, 11-04"
1909,90C60
1910,"68U20, 34K34, 93Dxx"
1911,"65T60, 42C40"
1912,"68T30 (Primary), 68T20 (Secondary)"
1913,"11A07, 94A60, 94A62, 94B40, 94B15"
1914,"94A55, 68W10, 03B50, 11A07, 11B50, 94A60, 94B40"
1915,93E99
1916,"05C10, 06A07"
1917,"94A60, 20K01, 11T06"
1918,"Primary: 90C39. Secondary: 60C05, 68W27, 68W40, 90C27"
1919,"65F10, 65F50, 65G50, 65Y05, 65Y20"
1920,"90B50 (Primary) 91B06, 91B02 (Secondary)"
1921,"90C11, 90C27, 90C35, 90C57"
1922,"90C05 Linear programming, 49N15 Duality theory, 91A10 Noncooperative
  games, 90C47 Minimax problems, 68W25 Approximation algorithms"
1923,"65N85, 65N30"
1924,G.1.10
1925,"68Q32, 68W27, 90C52"
1926,"65Y05, 65D18, 68U05, 65M50"
1927,"90C29 (Primary), 90B10, 90C10 (Secondary)"
1928,"68P10, 68W20"
1929,"05A17, 05E10, 60C05, 60J10, 68U20, 82B20"
1930,"49M25 (Primary), 93C10, 93C55, 93C73 (Secondary)"
1931,"62L20, 93E35, 37B25, 34A60, 90C39, 37C25"
1932,06Fxx
1933,I.1.1
1934,"68P05, 68P30"
1935,"68M20, 68M11"
1936,15A18 42A82 65F22 94A12
1937,"03B20, 03B65"
1938,"03B42, 03B48, , 03B52, 03B65, 62F15, 68P30, 94F15, 68T27, 68T37,
  68T50"
1939,"90C26, 90C06, 68U10, 32B20, 65K10, 47J06"
1940,"68U05, 90C20, 52A10, 52A27, 52A38"
1941,"03B70, 03B15, 68Q55"
1942,"81Q93, 93E11, 81P16, 81P50, 65K10, 49J40, 49M05, 93B25, 93B40"
1943,"03B30, 03D30, 03D78, 03F52, 03F60, 06D20"
1944,"65M06, 76D07, 12H05, 12H10"
1945,"65C10, 11K45"
1946,"68T37, 68T05, 62P35"
1947,"20E28, 20B40, 05E18"
1948,"60D05, 91G60, 62G08, 65D15, 62H25, 91G80"
1949,"55T05 (Primary) 55T10, 55T25, 55P20, 03B15, 55U35 (Secondary)"
1950,"93D15, 93B52, 93C05, 93C20"
1951,"14K02 (Primary) 14Q20, 11Y16, 94A60 (Secondary)"
1952,"05C70, 05C76"
1953,"49J40, 94A08, 68U10, 35K55"
1954,"92B15, 92B20"
1955,"94B20, 94B25, 94B50, 94B65, 68P20, 68P30, 68R05"
1956,"68W20, 68W01, 68T01, 68T20, 68T50"
1957,"60B05, 46A20, 18C15"
1958,05C30 05C85
1959,"94B05, 05B25, 51E20 (Primary), 51E14, 51E22, 51E23 (Secondary)"
1960,"13P10, 94B05, 12E05, 94B35"
1961,"05C69, 68R10"
1962,"20B27, 05E18, 54E35, 20F05 (Primary) 22F50, 37B05 (Secondary)"
1963,"94B60 (Primary) 05A15, 11L15 (Secondary)"
1964,"68W15, 62G35"
1965,"35D40, 35J60, 65N06"
1966,65F99
1967,"65K05, 65K10, 90C15, 90C30"
1968,"11G09, 11Y16, 12Y05"
1969,"94B05, 51E21, 51E22"
1970,"97R30, 90B50"
1971,"52C22, 11H31, 05C25, 11H7"
1972,62G99
1973,62P25
1974,"97U70, 97R20, 97P70"
1975,"Primary: 14P99, 90-04, 90C22, 90C26, Secondary: 14Q20, 52B20, 68Q25"
1976,65N55
1977,03C13
1978,"11F11, 11F25, 11G20, 11T71"
1979,"26D15 (Primary) 42A16, 46B99, 60B99 (Secondary)"
1980,"Computer Vision: I.5.4, Data compaction and compression: E.4"
1981,"60A05, 18C15, 16W30"
1982,"90C39, 93E20, 93E35, 49L20"
1983,05C45
1984,"49, 90, 93"
1985,"J.3, I.2"
1986,"68W01, 68W40, 05C05, 05C85"
1987,"68Q17, 68R10"
1988,"65M60, 65Z05"
1989,"91A18, 91A10, 91A12"
1990,"05C05, 05C07, 05C12, 05C35, 05C50, 68R10, 90C06, 90C22, 90C35,
  90C59, 94C15"
1991,62F12
1992,"13P05, 12Y05"
1993,68T00
1994,62P20
1995,"65M06, 65M70"
1996,D.2.12
1997,"05C22, 05C38, 91D30, 90B10"
1998,"51B25, 51N25, 68U05, 11E88, 68W30"
1999,Computational Geometry
2000,97M50
2001,"68T10, 68T10"
2002,"05C35, 05C15"
2003,"05C93, 05C10"
2004,"62M05, 05C85, 60J10"
2005,"68Q25, 68R10, 68U05, 94A12"
2006,"01-02, 97-02, 97-03, 97U50"
2007,"11T71, 14H05, 94B60"
2008,"68Q05, 93A30"
2009,D.1.5
2010,"82C22, 34D05, 92C17"
2011,"60C05, 05C10"
2012,"81P68, 81P05, 68Q10, 68Q15, 42A05"
2013,H2.4
2014,"11M06, 30J99, 94A60"
2015,"60C-05, 68Q-17, 25, 87, 05C-15, 20, 80"
2016,"03B40, 68N18, 81P68"
2017,F.2.m
2018,"H.3.3, H.2.7"
2019,"94B25, 05A16"
2020,05E30
2021,"F.4.3, F.1.1, F.1.3"
2022,"91A06, 91A10, 91A15, 91A25"
2023,"05C15, 05D40"
2024,"00A08, 97A20"
2025,"94B05, 94B15, 94B35, 94B60"
2026,20B40
2027,"94A17, 91G80"
2028,"68R05, 68R10, 05C78, 05C85"
2029,"68R05, 68R10, 05C20, 05C75"
2030,"Primary: 68W27, 90B99, Secondary: 90B05, 90B50, 90C05"
2031,"26D05, 26D15, 41A10"
2032,math.GM
2033,"05C85, 68W05, 68R10,"
2034,"60B20, 15B52"
2035,"93B30, 93B07, 34D05, 34D45"
2036,D.4.2
2037,"AC, RA"
2038,60H30
2039,"17D05, 17D15, 05A05, 16N40, 16S37, 17-04, 18D50, 65F99"
2040,"68P30, 81P68"
2041,"94A20, 42A38, 42C10, 33D45"
2042,90C20
2043,"57M15, 05C10"
2044,E.m
2045,H.0
2046,"11T71,"
2047,"15Axx, 42C15, 94Axx"
2048,I2.3
2049,B.0
2050,"49M29, 58E17, 65F22, 65K05, 90C25, 90C46"
2051,"92B20, 92B25, 70E60, 68T05, 68U20"
2052,"05C20, 91B12, 91B14, 91C15, 91C20"
2053,"37N25, 91A22, 94A15"
2054,"03D78, 60G09, 68Q10, 03F60, 68N18"
2055,"65F05, 03D10 (Primary) 68Q10, 68Q05, 03D80 (Secondary)"
2056,"14Q15, 14Q20, 68W30"
2057,math.KT
2058,"58A14, 54E05, 55P55, 57M50"
2059,"14J20, 94B27, 14C20"
2060,"14F25, 14Q20 (Primary), 68Q15 (Secondary)"
2061,"37N35, 68W15, 93D20, 49J52"
2062,"94A17, 60E07, 60E15"
2063,"F.4.1, F.3.2"
2064,"65N30, 76S05 (Primary), 53-04, 55-04 (Secondary)"
2065,"05C10, 05C70, 90C27"
2066,"06B23, 47H10, 51K99, 54E35"
2067,"65J20, 47J06, 49J27"
2068,"93E10, 93E11, 62L15, 60G40, 60G35, 62L12"
2069,"F.4.1, F.2.2, D.2.4, D.2.8"
2070,"05C50, 14H40, 11Y99"
2071,F.1.m
2072,"68U05 (Primary), 52B05, 52B11, 52C45 (Secondary)"
2073,"14H99 (Primary) 14Q05, 68W30 (Secondary)"
2074,"70H20, 49L20, 93C55, 49J15, 70H05, 70H25"
2075,"68R05 (primary), 92D15 (secondary)"
2076,astro-ph
2077,"14Q99, 68N01"
2078,"F.3.1, F.3.2, F.4.1"
2079,03B70 (Primary) 68T27 (Secondary)
2080,05B99
2081,"05C50, 05C05, 05C12, 15A51"
2082,"F.1.1, F.1.2, F.1.3"
2083,"55M20, 55H25, 93B"
2084,D.1.2
2085,05C99
2086,34D20
2087,"52C30, 52C20, 52C23, 68T15"
2088,"F.1.1, F.3.1, F.4.1"
2089,"93C05, 37H10, 15A51, 40A20, 05C50, 60J10"
2090,"60H15, 90C46, 93E03, 93E20"
2091,"93C10 (Primary), 93C55 (Secondary), 93C57, 93C15, 93B03"
2092,"94A29, 60G10, 94A17"
2093,"68N15, 68U35"
2094,"05C12, 05C50, 05C05, 15A48"
2095,"68M14, 68Q85"
2096,"06A07, 05C70, 05C75, 11B39,"
2097,B.2.0
2098,B.m
2099,05B35
2100,"03-03, 01A45"
2101,"65F10, 65F50, 68M14"
2102,"14J20, 94B27, 11G25"
2103,"05C20, 11C08, 17B56"
2104,"15A52, 68P30, 68W25"
2105,"37B50 (Primary), 37A35, 37B10, 37A50 (Secondary)"
2106,"12E12, 12E30, 12L05"
2107,"12E12, 12L05, 12L12, 16E50, 68Q65"
2108,D.1
2109,"68R05, 68R10, 92D20"
2110,"65Y04, 65T50"
2111,physics.pop-ph
2112,"91C20, 91D30, 05C20"
2113,"F.4.1, F.1.1"
2114,"30L05, 68W25"
2115,"68W30 (Primary), 12Y05 (Secondary)"
2116,"03B15, 03B30, 03B70, 03F25, 03F35, 68T15"
2117,"60H25, 60J80"
2118,"05C63, 37A35, 60J10, 68Q45"
2119,"05C15 (Primary) 05C20, 18A40 (Secondary)"
2120,"68U10, 65K10, 90C25, 90C51"
2121,"46B25, 52A21, 68P30"
2122,"14Q10, 52B20, 52B55, 65D18"
2123,"94B05, 94B27, 14M15, 15A24"
2124,"68W01, 03D20"
2125,"05C07, 05C20, 05C85, 05C75"
2126,"37N25, Secondary: 62F15"
2127,"68W25, 90C22"
2128,"03B47, 03F50, 03B70, 68Q10, 68T27, 68T30, 91A05"
2129,physics.gen-ph
2130,"94B27, 14G50, 52B20"
2131,"32H35, 68W30, 11C08, 05E99"
2132,"11T06, 11T31, 20G40, 94A60"
2133,"Primary 60H10, 60K30, 90B20"
2134,"secondary 60J70, 91A22, 91A26, 37H10."
2135,"05C50, 05C05, 05C20, 15A18, 15B51, 93C15"
2136,"05E99, 94B05"
2137,"05C90,94B25"
2138,"60G40, 60K99, 90D60"
2139,"11K38, 11K31, 11K16, 37B10, 68Q45"
2140,08B05
2141,03C05
2142,08A02
2143,"68W40, 60K20 (Primary), 90B15 (Secondary)"
2144,"05E99, 03.65.Fd"
2145,91A15
2146,C.5.3
2147,"94A17, 52A20, 13P25"
2148,"05C85, 57M15, 68R10, 94C15, 46N50, 52B60, 15A42, 35P15"
2149,42C40
2150,65T90
2151,"91A06, 91A25, 90C22, 47N10, 65K05"
2152,"68M12, 60K30, 60K25, 90B18"
2153,11T23
2154,"94B60, 05C90"
2155,"60G40 60K99, 90D60"
2156,60G40
2157,60K99
2158,90D60
2159,"90C35, 90C20, 90C27, 90C46"
2160,K.1
2161,"05A, 15A, 51M, 52A, 52B, 52C, 62H, 68Q, 68R, 68U, 68W, 90B, 90C"
2162,"68Q15 (Primary), 68Q17 (Secondary)"
2163,90B40
2164,49N75
2165,90C22
2166,14P99
2167,15B35
2168,12Y05
2169,90B15
2170,I.5.m
2171,03A10
2172,03D10
2173,"68R15, 20M35, 68Q45, 11B25, 10A50"
2174,"03E15, 03B70, 54H05, 68Q15, 68Q45"
2175,F.3.0
2176,B.3.4
2177,"03B48, 60G09, 60A05"
2178,"94A17, 26D15"
2179,94A55
2180,"41A46, 68W20, 90C27"
2181,"20F10, 68Q45, 05C25"
2182,"60K25, 68M14"
2183,D.4.5
2184,D.4
2185,"52A30, 52C99, 68U05"
2186,I.7.3
2187,"11P32, 11P55, 11D85"
2188,H.4.1
2189,"94B15, 94B60, 94B99"
2190,35J05
2191,"94B05 (Primary) 94B27, 51E15, 05B25 (Secondary)"
2192,12E99
2193,12L99
2194,"14G50, 94A60"
2195,"91F20, 03B65, 68T50"
2196,"05A16, 68R15"
2197,93A14
2198,93D21
2199,E.2.2
2200,"05A15, 14N10, 33F10, 68W30"
2201,30G25
2202,20G40
2203,H.m
2204,62H25 (Primary) 62F12 (Secondary)
2205,"62M05, 60E15, 60F15, 60G42, 60J10"
2206,81T15
2207,68Q10
2208,"05C69 (Primary), 05C76 (Secondary)"
2209,"94B05, 05C30"
2210,35C05
2211,82C22
2212,60K35
2213,E.1.2
2214,E.2.3
2215,51E22
2216,94B27
2217,"60K99, 94A15 (Primary) 60J10 (Secondary)"
2218,"94B10 (primary), 94B35, 93B15, 93B20"
2219,"9008, 52C07, 11H06"
2220,"11B85, 68R15, 68Q45"
2221,93A14 (Primary) 94C15 68M14
2222,14P25
2223,81C20
2224,05D40
2225,60F15
2226,60F25
2227,60J05
2228,28D20
2229,60G10
2230,37A35
2231,"93E11, 60G10, 62M20, 93B07, 94A12"
2232,"05C69, 05C70 (Primary)"
2233,05C75 (Secondary)
2234,"94B05, 11F03"
2235,J.0
2236,26C99
2237,"14M12, 15A72, 15A29, 15A15, 13P10, 14L30"
2238,05C40
2239,"94B05, 94B27, 14G50"
2240,16-02
2241,94-02
2242,55-04
2243,62H25
